Frequency(Hz),Return Loss(dB),Phase(deg),Rs,SWR,Xs,|Z|,Theta
1000000,0.00,-19.17,0.0,?,-296.1,296.1,-90.0
4373452,0.00,-27.63,0.0,?,-203.3,203.3,-90.0
7746904,-0.25,-37.85,6.8,69.58,-145.5,145.7,-87.3
11120356,-0.55,-49.37,9.0,31.87,-108.2,108.6,-85.3
14493808,-0.70,-61.71,7.6,24.74,-83.2,83.5,-84.7
17867260,-0.65,-72.29,5.4,26.63,-68.2,68.4,-85.5
21240712,-0.54,-82.39,3.6,32.17,-57.0,57.1,-86.4
24614164,-0.37,-90.87,2.1,46.77,-49.2,49.2,-87.5
27987616,-0.19,-98.07,0.9,93.24,-43.4,43.4,-88.8
31361068,0.00,-104.14,0.0,?,-39.0,39.0,-90.0
34734520,0.00,-109.32,0.0,?,-35.5,35.5,-90.0
38107972,0.00,-113.73,0.0,?,-32.6,32.6,-90.0
41481424,0.00,-117.53,0.0,?,-30.3,30.3,-90.0
44854876,0.00,-120.90,0.0,?,-28.3,28.3,-90.0
48228328,0.00,-123.99,0.0,?,-26.6,26.6,-90.0
51601780,0.00,-126.79,0.0,?,-25.0,25.0,-90.0
54975232,0.00,-129.55,0.0,?,-23.6,23.6,-90.0
58348684,0.00,-132.37,0.0,?,-22.1,22.1,-90.0
61722136,0.00,-135.08,0.0,?,-20.7,20.7,-90.0
65095588,0.00,-137.77,0.0,?,-19.3,19.3,-90.0
68469040,-0.05,-140.45,0.2,316.25,-18.0,18.0,-89.4
71842492,-0.11,-142.99,0.3,161.44,-16.7,16.7,-88.8
75215944,-0.15,-145.54,0.5,114.11,-15.5,15.5,-88.2
78589396,-0.18,-148.03,0.5,98.84,-14.3,14.3,-87.8
81962848,-0.17,-150.32,0.5,103.44,-13.2,13.3,-87.8
85336300,-0.17,-152.49,0.5,103.64,-12.2,12.2,-87.6
88709752,-0.13,-154.38,0.4,130.02,-11.4,11.4,-88.0
92083204,-0.10,-156.22,0.3,170.20,-10.5,10.5,-88.3
95456656,-0.07,-157.86,0.2,261.59,-9.8,9.8,-88.8
98830108,-0.04,-159.32,0.1,442.92,-9.1,9.1,-89.3
102203560,-0.01,-160.59,0.0,353.34,-8.6,8.6,-89.7
105577012,-0.01,-161.81,0.0,789.45,-8.0,8.0,-89.8
108950464,-0.00,-162.97,0.0,766.35,-7.5,7.5,-90.0
112323916,-0.01,-164.04,0.0,212.32,-7.0,7.0,-89.7
115697368,-0.03,-165.09,0.1,573.19,-6.5,6.5,-89.2
119070820,-0.06,-166.18,0.2,282.80,-6.1,6.1,-88.3
122444272,-0.10,-167.23,0.3,177.17,-5.6,5.6,-87.1
125817724,-0.14,-168.32,0.4,125.75,-5.1,5.1,-85.5
129191176,-0.18,-169.51,0.5,94.01,-4.6,4.6,-83.3
132564628,-0.22,-170.77,0.6,80.56,-4.0,4.1,-81.2
135938080,-0.24,-172.07,0.7,72.30,-3.5,3.5,-78.7
139311532,-0.26,-173.35,0.8,66.60,-2.9,3.0,-75.4
142684984,-0.26,-174.69,0.7,66.91,-2.3,2.4,-72.1
146058436,-0.23,-176.01,0.7,76.96,-1.7,1.9,-69.5
149431888,-0.18,-177.32,0.5,95.71,-1.2,1.3,-65.9
152805340,-0.12,-178.50,0.4,140.26,-0.7,0.7,-61.5
156178792,-0.05,-179.54,0.1,362.33,-0.2,0.2,-55.7
159552244,0.00,179.60,0.0,?,0.2,0.2,90.0
162925696,0.00,178.97,0.0,?,0.4,0.4,90.0
166299148,0.00,178.42,0.0,?,0.7,0.7,90.0
169672600,0.00,178.08,0.0,?,0.8,0.8,90.0
173046052,0.00,177.88,0.0,?,0.9,0.9,90.0
176419504,0.00,177.66,0.0,?,1.0,1.0,90.0
179792956,0.00,177.52,0.0,?,1.1,1.1,90.0
183166408,0.00,177.30,0.0,?,1.2,1.2,90.0
186539860,0.00,176.99,0.0,?,1.3,1.3,90.0
189913312,0.00,176.64,0.0,?,1.5,1.5,90.0
193286764,0.00,176.21,0.0,?,1.7,1.7,90.0
196660216,0.00,175.64,0.0,?,1.9,1.9,90.0
200033668,-0.07,174.90,0.2,253.17,2.2,2.2,84.9
203407120,-0.16,174.18,0.5,109.41,2.5,2.6,79.8
206780572,-0.25,173.27,0.7,70.66,2.9,3.0,76.4
210154024,-0.32,172.37,0.9,53.97,3.3,3.5,74.4
213527476,-0.40,171.43,1.1,43.87,3.7,3.9,73.0
216900928,-0.46,170.29,1.3,37.46,4.2,4.5,72.4
220274380,-0.53,169.17,1.5,33.03,4.7,5.0,72.1
223647832,-0.55,168.05,1.6,31.64,5.2,5.5,73.0
227021284,-0.58,166.81,1.7,29.90,5.8,6.0,73.6
230394736,-0.58,165.51,1.7,30.20,6.3,6.6,75.2
233768188,-0.57,164.25,1.7,30.59,6.9,7.1,76.4
237141640,-0.54,163.08,1.6,31.96,7.4,7.6,77.9
240515092,-0.48,161.94,1.4,36.35,7.9,8.1,79.9
243888544,-0.42,160.94,1.3,41.09,8.4,8.5,81.5
247261996,-0.34,159.93,1.0,50.91,8.8,8.9,83.5
250635448,-0.24,159.08,0.7,72.59,9.2,9.3,85.6
254008900,-0.13,158.39,0.4,130.76,9.5,9.6,87.6
257382352,-0.03,157.74,0.1,606.40,9.8,9.8,89.5
260755804,0.00,157.37,0.0,?,10.0,10.0,90.0
264129256,0.00,157.02,0.0,?,10.2,10.2,90.0
267502708,0.00,156.85,0.0,?,10.2,10.2,90.0
270876160,0.00,156.66,0.0,?,10.3,10.3,90.0
274249612,0.00,156.60,0.0,?,10.4,10.4,90.0
277623064,0.00,156.71,0.0,?,10.3,10.3,90.0
280996516,0.00,156.74,0.0,?,10.3,10.3,90.0
284369968,0.00,156.73,0.0,?,10.3,10.3,90.0
287743420,0.00,156.68,0.0,?,10.3,10.3,90.0
291116872,0.00,156.60,0.0,?,10.4,10.4,90.0
294490324,0.00,156.54,0.0,?,10.4,10.4,90.0
297863776,0.00,156.38,0.0,?,10.5,10.5,90.0
301237228,0.00,156.14,0.0,?,10.6,10.6,90.0
304610680,-0.03,155.77,0.1,598.06,10.7,10.7,89.5
307984132,-0.13,155.30,0.4,133.80,10.9,11.0,88.0
311357584,-0.23,154.76,0.7,75.61,11.2,11.2,86.5
314731036,-0.33,154.04,1.0,53.11,11.5,11.6,85.1
318104488,-0.43,153.25,1.3,40.19,11.9,12.0,83.7
321477940,-0.54,152.40,1.6,32.21,12.3,12.4,82.4
324851392,-0.63,151.22,1.9,27.49,12.8,13.0,81.4
328224844,-0.72,150.06,2.2,24.06,13.3,13.5,80.5
331598296,-0.78,148.89,2.4,22.19,13.9,14.1,80.1
334971748,-0.82,147.48,2.6,21.10,14.5,14.8,80.0
338345200,-0.85,146.12,2.7,20.56,15.2,15.4,80.1
341718652,-0.85,144.83,2.7,20.57,15.8,16.0,80.4
345092104,-0.82,143.35,2.6,21.18,16.5,16.7,81.0
348465556,-0.76,142.00,2.4,22.89,17.2,17.4,81.9
351839008,-0.69,140.84,2.2,25.23,17.8,17.9,82.8
355212460,-0.60,139.73,2.0,28.97,18.3,18.4,83.9
358585912,-0.49,138.74,1.6,35.30,18.8,18.9,85.1
361959364,-0.39,138.05,1.3,45.08,19.2,19.2,86.2
365332816,-0.25,137.49,0.8,68.87,19.4,19.5,87.5
368706268,-0.16,137.15,0.5,106.63,19.6,19.6,88.4
372079720,-0.08,136.84,0.3,210.54,19.8,19.8,89.2
375453172,-0.02,136.73,0.1,086.03,19.8,19.8,89.8
378826624,0.00,136.57,0.0,?,19.9,19.9,90.0
382200076,0.00,136.55,0.0,?,19.9,19.9,90.0
385573528,0.00,136.67,0.0,?,19.9,19.9,90.0
388946980,-0.04,136.59,0.1,416.48,19.9,19.9,89.6
392320432,-0.08,136.59,0.3,212.31,19.9,19.9,89.2
395693884,-0.17,136.53,0.6,100.60,19.9,19.9,88.3
399067336,-0.28,136.34,0.9,62.84,20.0,20.0,87.4
402440788,-0.41,136.04,1.4,42.45,20.2,20.2,86.1
405814240,-0.56,135.70,1.9,30.77,20.3,20.4,84.7
409187692,-0.73,135.15,2.5,23.87,20.6,20.7,83.2
412561144,-0.90,134.48,3.1,19.23,20.9,21.1,81.7
415934596,-1.08,133.55,3.7,16.05,21.4,21.7,80.2
419308048,-1.25,132.53,4.3,13.93,21.8,22.3,78.9
422681500,-1.44,131.39,5.0,12.07,22.4,22.9,77.5
426054952,-1.62,130.11,5.6,10.76,23.0,23.7,76.2
429428404,-1.79,128.82,6.3,9.71,23.6,24.5,75.0
432801856,-1.95,127.44,6.9,8.95,24.3,25.3,74.1
436175308,-2.12,125.94,7.6,8.25,25.0,26.2,73.1
439548760,-2.22,124.70,8.1,7.85,25.7,26.9,72.5
442922212,-2.37,123.23,8.7,7.39,26.4,27.8,71.8
446295664,-2.48,122.06,9.2,7.04,27.0,28.5,71.1
449669116,-2.59,121.14,9.7,6.76,27.4,29.1,70.6
453042568,-2.68,120.55,10.1,6.54,27.7,29.4,70.0
456416020,-2.73,120.31,10.3,6.41,27.8,29.6,69.7
459789472,-2.82,120.35,10.6,6.21,27.7,29.6,69.0
463162924,-2.93,120.78,11.0,5.98,27.4,29.5,68.2
466536376,-3.00,121.50,11.1,5.86,26.9,29.1,67.6
469909828,-3.05,122.85,11.2,5.75,26.2,28.5,66.9
473283280,-3.09,124.25,11.2,5.68,25.4,27.7,66.3
476656732,-3.12,125.99,11.1,5.62,24.5,26.9,65.6
480030184,-3.12,127.85,10.9,5.63,23.5,25.9,65.1
483403636,-3.10,129.72,10.7,5.66,22.6,25.0,64.6
486777088,-3.06,131.62,10.4,5.74,21.6,24.0,64.3
490150540,-2.99,133.46,10.0,5.86,20.8,23.1,64.2
493523992,-2.94,134.96,9.8,5.97,20.1,22.3,64.0
496897444,-2.85,136.47,9.4,6.15,19.4,21.5,64.1
500270896,-2.79,137.47,9.1,6.29,18.9,21.0,64.2
503644348,-2.73,138.33,8.9,6.42,18.5,20.5,64.4
507017800,-2.68,138.98,8.7,6.54,18.2,20.2,64.5
510391252,-2.65,139.45,8.6,6.60,18.0,19.9,64.5
513764704,-2.64,139.63,8.5,6.64,17.9,19.8,64.6
517138156,-2.62,139.52,8.5,6.68,18.0,19.9,64.7
520511608,-2.63,139.37,8.5,6.67,18.0,19.9,64.8
523885060,-2.62,139.00,8.5,6.67,18.2,20.1,64.9
527258512,-2.62,138.44,8.5,6.69,18.5,20.4,65.2
530631964,-2.61,137.88,8.5,6.71,18.8,20.6,65.6
534005416,-2.57,136.96,8.5,6.81,19.2,21.0,66.3
537378868,-2.54,136.05,8.4,6.88,19.7,21.4,66.8
540752320,-2.49,135.09,8.3,7.02,20.2,21.8,67.6
544125772,-2.40,133.98,8.1,7.29,20.8,22.3,68.8
547499224,-2.31,132.78,7.8,7.57,21.4,22.8,69.9
550872676,-2.17,131.45,7.4,8.06,22.1,23.4,71.4
554246128,-2.03,130.21,7.0,8.62,22.8,23.9,72.9
557619580,-1.86,129.02,6.5,9.36,23.5,24.4,74.5
560993032,-1.70,128.01,6.0,10.27,24.1,24.8,76.0
564366484,-1.47,126.92,5.2,11.89,24.7,25.3,78.0
567739936,-1.28,126.13,4.6,13.62,25.2,25.6,79.6
571113388,-1.08,125.49,3.9,16.15,25.6,25.9,81.3
574486840,-0.90,125.02,3.3,19.39,25.9,26.1,82.8
577860292,-0.72,124.71,2.7,24.01,26.1,26.3,84.2
581233744,-0.54,124.65,2.0,32.04,26.2,26.3,85.7
584607196,-0.40,124.61,1.5,43.88,26.2,26.3,86.8
587980648,-0.31,124.83,1.1,56.72,26.1,26.1,87.5
591354100,-0.21,125.08,0.8,81.09,26.0,26.0,88.3
594727552,-0.19,125.20,0.7,91.04,25.9,25.9,88.5
598101004,-0.17,125.43,0.6,101.01,25.8,25.8,88.6
601474456,-0.18,125.58,0.7,95.99,25.7,25.7,88.5
604847908,-0.21,125.72,0.8,80.83,25.6,25.6,88.3
608221360,-0.29,125.77,1.0,60.84,25.6,25.6,87.7
611594812,-0.36,125.71,1.3,48.66,25.6,25.7,87.1
614968264,-0.46,125.51,1.7,37.46,25.7,25.8,86.2
618341716,-0.57,125.18,2.1,30.34,25.9,26.0,85.4
621715168,-0.67,124.60,2.5,25.95,26.2,26.3,84.6
625088620,-0.76,123.92,2.8,22.84,26.6,26.7,84.0
628462072,-0.88,123.11,3.3,19.77,27.0,27.2,83.1
631835524,-0.98,122.38,3.7,17.69,27.4,27.6,82.4
635208976,-1.05,121.16,4.0,16.50,28.1,28.3,81.9
638582428,-1.14,120.13,4.4,15.26,28.6,29.0,81.3
641955880,-1.21,118.76,4.7,14.33,29.4,29.8,80.9
645329332,-1.25,117.47,4.9,13.87,30.1,30.5,80.7
648702784,-1.30,116.13,5.2,13.35,30.9,31.4,80.5
652076236,-1.31,114.65,5.3,13.29,31.8,32.3,80.5
655449688,-1.29,113.14,5.3,13.53,32.7,33.2,80.8
658823140,-1.24,111.66,5.2,13.99,33.7,34.1,81.2
662196592,-1.19,110.13,5.1,14.60,34.7,35.1,81.7
665570044,-1.08,109.00,4.7,16.10,35.5,35.8,82.5
668943496,-0.97,108.09,4.3,17.91,36.1,36.3,83.3
672316948,-0.86,106.51,3.8,20.26,37.2,37.4,84.1
675690400,-0.72,105.71,3.2,24.22,37.8,37.9,85.1
679063852,-0.58,104.94,2.6,30.12,38.3,38.4,86.1
682437304,-0.43,104.36,2.0,40.83,38.8,38.8,87.1
685810756,-0.29,103.96,1.3,60.37,39.1,39.1,88.0
689184208,-0.14,103.75,0.7,120.96,39.2,39.2,89.0
692557660,0.00,103.55,0.0,?,39.4,39.4,90.0
695931112,0.00,103.92,0.0,?,39.1,39.1,90.0
699304564,0.00,104.13,0.0,?,39.0,39.0,90.0
702678016,0.00,104.35,0.0,?,38.8,38.8,90.0
706051468,0.00,104.77,0.0,?,38.5,38.5,90.0
709424920,0.00,105.07,0.0,?,38.3,38.3,90.0
712798372,0.00,105.55,0.0,?,38.0,38.0,90.0
716171824,0.00,105.87,0.0,?,37.8,37.8,90.0
719545276,0.00,106.08,0.0,?,37.6,37.6,90.0
722918728,0.00,106.39,0.0,?,37.4,37.4,90.0
726292180,0.00,106.40,0.0,?,37.4,37.4,90.0
729665632,-0.14,106.26,0.6,128.55,37.5,37.5,89.1
733039084,-0.26,105.94,1.2,66.81,37.7,37.7,88.2
736412536,-0.39,105.62,1.8,44.75,37.9,37.9,87.3
739785988,-0.54,105.09,2.5,32.23,38.2,38.3,86.3
743159440,-0.70,104.32,3.2,24.79,38.7,38.9,85.2
746532892,-0.82,103.30,3.8,21.12,39.4,39.6,84.4
749906344,-0.92,102.20,4.4,18.89,40.2,40.4,83.8
753279796,-1.00,101.02,4.8,17.31,41.0,41.3,83.3
756653248,-1.08,99.53,5.3,16.06,42.0,42.4,82.8
760026700,-1.14,98.06,5.8,15.20,43.1,43.5,82.4
763400152,-1.16,96.60,5.9,15.03,44.2,44.6,82.3
766773604,-1.17,95.15,6.1,14.88,45.3,45.7,82.3
770147056,-1.14,93.69,6.2,15.22,46.5,46.9,82.5
773520508,-1.08,92.21,6.0,16.10,47.8,48.1,82.9
776893960,-0.96,90.82,5.4,18.17,49.0,49.3,83.7
780267412,-0.87,89.90,5.0,20.05,49.8,50.1,84.3
783640864,-0.75,88.87,4.4,23.22,50.8,51.0,85.1
787014316,-0.62,87.82,3.7,27.94,51.8,51.9,85.9
790387768,-0.50,87.32,3.0,35.00,52.3,52.4,86.7
793761220,-0.35,86.83,2.2,49.06,52.8,52.8,87.7
797134672,-0.24,86.42,1.5,72.03,53.2,53.2,88.4
800508124,-0.16,86.48,1.0,111.44,53.2,53.2,89.0
803881576,-0.05,86.47,0.3,356.74,53.2,53.2,89.7
807255028,0.00,86.57,0.0,?,53.1,53.1,90.0
810628480,0.00,86.72,0.0,?,52.9,52.9,90.0
814001932,0.00,86.75,0.0,?,52.9,52.9,90.0
817375384,0.00,86.79,0.0,?,52.9,52.9,90.0
820748836,-0.02,87.05,0.1,123.00,52.6,52.6,89.9
824122288,-0.07,87.11,0.4,238.07,52.6,52.6,89.5
827495740,-0.14,86.98,0.9,121.00,52.7,52.7,89.1
830869192,-0.28,86.80,1.7,62.75,52.8,52.9,88.2
834242644,-0.39,86.31,2.4,44.66,53.3,53.3,87.4
837616096,-0.50,85.85,3.1,35.07,53.7,53.8,86.7
840989548,-0.60,85.08,3.8,28.89,54.3,54.5,86.0
844363000,-0.71,84.02,4.6,24.35,55.3,55.5,85.3
847736452,-0.81,82.83,5.3,21.37,56.4,56.7,84.6
851109904,-0.91,81.52,6.1,19.09,57.6,58.0,83.9
854483356,-0.99,79.86,6.8,17.64,59.3,59.7,83.4
857856808,-1.02,78.49,7.3,17.05,60.7,61.1,83.2
861230260,-1.01,76.96,7.5,17.19,62.4,62.8,83.2
864603712,-0.98,75.43,7.5,17.75,64.1,64.5,83.3
867977164,-0.93,74.00,7.3,18.70,65.8,66.2,83.6
871350616,-0.85,72.57,7.0,20.44,67.6,68.0,84.1
874724068,-0.75,71.39,6.3,23.15,69.2,69.5,84.8
878097520,-0.67,70.25,5.8,25.99,70.8,71.0,85.3
881470972,-0.52,69.14,4.7,33.29,72.4,72.5,86.3
884844424,-0.43,68.48,3.9,40.59,73.3,73.4,87.0
888217876,-0.30,67.77,2.8,56.97,74.4,74.4,87.8
891591328,-0.19,67.41,1.7,93.65,74.9,74.9,88.7
894964780,-0.09,67.08,0.9,185.09,75.4,75.4,89.3
898338232,-0.03,66.78,0.3,580.50,75.9,75.9,89.8
901711684,0.00,66.63,0.0,?,76.1,76.1,90.0
905085136,0.00,66.48,0.0,?,76.3,76.3,90.0
908458588,0.00,66.23,0.0,?,76.7,76.7,90.0
911832040,0.00,65.84,0.0,?,77.2,77.2,90.0
915205492,-0.03,65.74,0.2,679.97,77.4,77.4,89.8
918578944,-0.10,65.38,1.0,177.62,77.9,77.9,89.3
921952396,-0.18,64.77,1.8,98.10,78.8,78.8,88.7
925325848,-0.33,64.08,3.3,53.02,79.8,79.9,87.6
928699300,-0.44,63.27,4.6,39.42,81.0,81.1,86.7
932072752,-0.60,62.26,6.4,29.17,82.4,82.7,85.6
935446204,-0.77,60.68,8.7,22.51,84.8,85.2,84.2
938819656,-0.88,59.27,10.3,19.71,87.0,87.6,83.3
942193108,-1.06,57.32,13.1,16.40,90.0,91.0,81.7
945566560,-1.16,55.09,15.4,14.94,93.9,95.1,80.7
948940012,-1.31,52.64,18.7,13.29,98.2,100.0,79.2
952313464,-1.43,49.93,22.3,12.21,103.5,105.9,77.8
955686916,-1.53,46.87,26.7,11.37,109.9,113.1,76.3
959060368,-1.61,43.70,31.7,10.82,117.4,121.6,74.9
962433820,-1.71,40.49,38.3,10.19,125.4,131.1,73.0
965807272,-1.84,36.91,47.9,9.47,134.7,143.0,70.4
969180724,-1.98,32.79,62.0,8.81,146.0,158.6,67.0
972554176,-2.22,28.36,84.4,7.88,155.5,177.0,61.5
975927628,-2.54,23.48,117.8,6.90,158.5,197.4,53.4
979301080,-3.08,17.74,163.0,5.70,137.3,213.1,40.1
982674532,-3.96,10.97,190.1,4.46,76.6,205.0,22.0
986047984,-5.52,2.73,161.7,3.25,11.3,162.1,4.0
989421436,-8.31,-7.06,110.7,2.25,-12.3,111.4,-6.3
992794888,-13.86,-20.55,72.5,1.51,-10.8,73.3,-8.4
996168340,-39.43,-99.33,49.8,1.02,-1.0,49.8,-1.2
999541792,-14.62,136.32,37.0,1.46,9.8,38.3,14.9
1002915244,-8.90,120.37,29.2,2.12,20.8,35.8,35.4
1006288696,-5.88,108.78,23.4,3.07,30.3,38.3,52.4
1009662148,-3.98,99.56,18.6,4.44,38.7,43.0,64.3
1013035600,-2.75,93.16,14.6,6.37,45.2,47.4,72.1
1016409052,-1.88,88.29,11.0,9.29,50.3,51.5,77.7
1019782504,-1.32,84.77,8.3,13.16,54.1,54.7,81.3
1023155956,-0.92,81.93,6.2,18.83,57.2,57.5,83.9
1026529408,-0.72,79.54,5.1,24.11,59.8,60.0,85.2
1029902860,-0.53,77.64,3.9,32.73,62.0,62.1,86.4
1033276312,-0.45,76.43,3.4,38.32,63.4,63.5,86.9
1036649764,-0.43,74.88,3.3,40.57,65.2,65.3,87.1
1040023216,-0.51,73.49,4.1,33.85,66.8,66.9,86.5
1043396668,0.00,149.04,0.0,?,13.8,13.8,90.0
1046770120,0.00,149.88,0.0,?,13.5,13.5,90.0
1050143572,-0.42,59.27,4.9,41.27,87.7,87.8,86.8
1053517024,-0.26,58.37,3.2,65.74,89.4,89.5,88.0
1056890476,-0.15,57.60,1.8,116.78,90.9,90.9,88.8
1060263928,-0.05,57.15,0.7,326.78,91.8,91.8,89.6
1063637380,-0.04,56.94,0.5,426.83,92.2,92.2,89.7
1067010832,-0.02,56.47,0.2,045.10,93.1,93.1,89.9
1070384284,-0.04,56.16,0.5,438.66,93.7,93.7,89.7
1073757736,-0.11,55.67,1.4,162.02,94.7,94.7,89.1
1077131188,-0.19,55.08,2.6,90.55,95.8,95.9,88.5
1080504640,-0.30,54.83,4.1,57.31,96.3,96.4,87.6
1083878092,-0.44,54.05,6.2,39.16,97.7,97.9,86.4
1087251544,-0.57,53.02,8.2,30.62,99.7,100.0,85.3
1090624996,-0.74,51.78,11.0,23.58,102.0,102.6,83.8
1093998448,-0.87,50.34,13.7,19.92,104.9,105.8,82.6
1097371900,-0.98,49.00,16.2,17.69,107.7,108.9,81.5
1100745352,-1.08,47.20,19.0,16.07,111.7,113.4,80.3
1104118804,-1.22,45.52,22.8,14.23,115.4,117.6,78.8
1107492256,-1.28,43.60,25.7,13.64,120.3,123.0,77.9
1110865708,-1.30,41.50,28.7,13.35,126.3,129.5,77.2
1114239160,-1.31,39.61,31.3,13.33,132.3,136.0,76.7
1117612612,-1.29,37.64,34.1,13.44,139.2,143.4,76.2
1120986064,-1.29,35.89,37.0,13.53,146.0,150.6,75.8
1124359516,-1.26,33.91,40.4,13.77,154.4,159.6,75.3
1127732968,-1.18,32.11,42.1,14.70,163.8,169.1,75.6
1131106420,-1.12,30.70,43.4,15.59,172.0,177.4,75.8
1134479872,-1.04,29.14,44.7,16.79,182.1,187.6,76.2
1137853324,-0.97,27.72,46.0,18.02,192.3,197.7,76.5
1141226776,-0.90,26.50,46.9,19.38,202.1,207.4,76.9
1144600228,-0.83,25.17,48.3,20.84,213.6,219.0,77.3
1147973680,-0.77,23.94,49.6,22.47,225.4,230.8,77.6
1151347132,-0.75,22.85,52.8,23.07,236.1,241.9,77.4
1154720584,-0.77,21.75,58.9,22.67,246.8,253.7,76.6
1158094036,-0.78,20.67,66.0,22.16,257.8,266.1,75.6
1161467488,-0.85,19.35,79.9,20.47,270.4,282.0,73.5
1164840940,-0.92,18.14,95.5,18.99,281.7,297.4,71.3
1168214392,-1.06,16.58,124.9,16.37,290.8,316.5,66.8
1171587844,-1.21,14.82,162.3,14.41,297.8,339.2,61.4
1174961296,-1.40,12.71,215.9,12.39,292.5,363.5,53.6
1178334748,-1.67,10.40,276.6,10.45,258.5,378.6,43.1
1181708200,-1.99,7.54,330.0,8.76,187.3,379.5,29.6
1185081652,-2.42,4.43,335.5,7.22,91.9,347.9,15.3
1188455104,-2.99,1.54,291.3,5.86,22.3,292.2,4.4
1191828556,-3.85,-0.68,228.9,4.58,-5.9,229.0,-1.5
1195202008,-5.06,-0.49,176.3,3.53,-2.4,176.4,-0.8
1198575460,-6.56,5.82,136.3,2.77,16.7,137.3,7.0
1201948912,-7.24,19.41,109.8,2.54,39.1,116.6,19.6
1205322364,-6.44,30.89,94.4,2.82,59.8,111.8,32.3
1208695816,-5.08,34.25,88.6,3.52,80.6,119.7,42.3
1212069268,-4.01,32.86,89.1,4.41,101.0,134.7,48.6
1215442720,-3.28,29.31,96.5,5.36,122.4,155.9,51.7
1218816172,-2.75,25.99,106.1,6.38,144.6,179.3,53.7
1222189624,-2.37,22.52,121.4,7.37,168.4,207.6,54.2
1225563076,-2.11,19.63,139.8,8.27,191.3,236.9,53.8
1228936528,-1.94,17.05,163.2,8.98,212.3,267.8,52.4
1232309980,-1.77,14.79,190.3,9.83,236.2,303.3,51.1
1235683432,-1.71,12.74,224.9,10.19,250.2,336.4,48.1
1239056884,-1.68,10.92,263.9,10.37,256.7,368.2,44.2
1242430336,-1.65,9.16,309.6,10.55,257.6,402.8,39.8
1245803788,-1.67,7.53,355.8,10.43,241.0,429.8,34.1
1249177240,-1.71,5.93,400.0,10.21,208.8,451.2,27.6
1252550692,-1.76,4.24,437.8,9.93,159.1,465.8,20.0
1255924144,-1.83,2.61,455.3,9.53,97.7,465.7,12.1
1259297596,-1.91,1.19,453.4,9.15,42.4,455.4,5.3
1262671048,-2.01,-0.57,434.2,8.70,-18.4,434.6,-2.4
1266044500,-2.09,-2.12,408.5,8.36,-62.4,413.2,-8.7
1269417952,-2.19,-3.57,376.0,7.98,-91.8,387.0,-13.7
1272791404,-2.27,-5.48,339.7,7.70,-122.8,361.2,-19.9
1276164856,-2.33,-7.17,308.2,7.50,-141.7,339.2,-24.7
1279538308,-2.45,-8.67,277.6,7.13,-146.2,313.8,-27.8
1282911760,-2.53,-10.41,249.7,6.92,-153.0,292.9,-31.5
1286285212,-2.59,-11.72,230.5,6.75,-154.4,277.4,-33.8
1289658664,-2.70,-13.22,210.1,6.49,-152.3,259.5,-35.9
1293032116,-2.74,-14.98,190.5,6.38,-153.3,244.5,-38.8
1296405568,-2.84,-15.68,182.6,6.18,-148.4,235.3,-39.1
1299779020,-2.90,-17.17,168.7,6.04,-146.3,223.3,-40.9
1303152472,-2.99,-17.99,161.4,5.87,-142.0,215.0,-41.3
1306525924,-3.10,-18.66,155.8,5.66,-136.8,207.4,-41.3
1309899376,-3.20,-19.56,149.1,5.48,-132.3,199.3,-41.6
1313272828,-3.32,-20.43,143.1,5.30,-127.6,191.7,-41.7
1316646280,-3.41,-20.52,142.3,5.16,-123.9,188.7,-41.0
1320019732,-3.62,-21.16,137.9,4.87,-116.2,180.3,-40.1
1323393184,-3.76,-21.67,134.6,4.69,-111.3,174.7,-39.6
1326766636,-3.84,-22.08,132.2,4.60,-109.0,171.4,-39.5
1330140088,-4.03,-22.60,129.0,4.39,-103.2,165.2,-38.7
1333513540,-4.17,-23.05,126.4,4.24,-99.1,160.6,-38.1
1336886992,-4.31,-23.40,124.3,4.11,-95.4,156.7,-37.5
1340260444,-4.49,-23.72,122.2,3.96,-91.0,152.4,-36.7
1343633896,-4.57,-24.03,120.6,3.89,-89.3,150.1,-36.5
1347007348,-4.70,-24.48,118.3,3.78,-86.3,146.5,-36.1
1350380800,-4.89,-24.97,115.8,3.65,-82.4,142.1,-35.4
1353754252,-4.91,-25.68,113.3,3.63,-82.4,140.2,-36.0
1357127704,-5.04,-26.27,110.9,3.54,-80.0,136.8,-35.8
1360501156,-5.06,-26.61,109.8,3.53,-79.8,135.8,-36.0
1363874608,-5.13,-27.15,107.9,3.48,-78.7,133.6,-36.1
1367248060,-5.07,-28.54,104.0,3.52,-80.5,131.6,-37.7
1370621512,-5.05,-28.94,102.9,3.53,-81.0,130.9,-38.2
1373994964,-5.06,-30.21,99.3,3.53,-81.2,128.2,-39.3
1377368416,-4.96,-30.51,98.5,3.60,-82.9,128.7,-40.1
1380741868,-4.94,-31.90,94.6,3.61,-83.3,126.0,-41.4
1384115320,-4.83,-32.49,92.8,3.69,-85.2,126.0,-42.5
1387488772,-4.71,-34.43,87.4,3.78,-86.7,123.1,-44.8
1390862224,-4.56,-35.58,83.8,3.90,-88.8,122.1,-46.7
1394235676,-4.41,-36.72,80.2,4.02,-90.5,121.0,-48.4
1397609128,-4.28,-38.33,75.6,4.14,-91.3,118.6,-50.4
1400982580,-4.04,-39.89,70.3,4.38,-93.5,117.0,-53.1
1404356032,-3.84,-40.79,66.7,4.59,-95.4,116.4,-55.0
1407729484,-3.74,-42.47,62.2,4.72,-94.7,113.3,-56.7
1411102936,-3.52,-43.70,57.8,5.00,-95.9,112.0,-58.9
1414476388,-3.36,-44.51,54.6,5.24,-96.7,111.1,-60.5
1417849840,-3.19,-45.43,51.3,5.50,-97.2,109.9,-62.2
1421223292,-3.08,-46.18,48.8,5.70,-97.2,108.7,-63.3
1424596744,-3.01,-47.82,45.5,5.82,-95.2,105.5,-64.5
1427970196,-2.87,-48.91,42.3,6.10,-94.7,103.7,-65.9
1431343648,-2.75,-49.29,40.4,6.37,-95.2,103.4,-67.0
1434717100,-2.72,-50.74,38.2,6.44,-92.9,100.5,-67.7
1438090552,-2.66,-52.06,35.9,6.59,-91.2,98.0,-68.5
1441464004,-2.61,-52.77,34.6,6.72,-90.4,96.8,-69.1
1444837456,-2.59,-54.02,33.1,6.75,-88.5,94.5,-69.5
1448210908,-2.66,-55.63,32.2,6.58,-85.5,91.4,-69.3
1451584360,-2.66,-57.15,30.8,6.58,-83.2,88.7,-69.7
1454957812,-2.72,-58.60,30.1,6.45,-80.8,86.2,-69.6
1458331264,-2.79,-60.45,29.3,6.27,-77.8,83.1,-69.4
1461704716,-2.88,-62.66,28.3,6.09,-74.5,79.7,-69.2
1465078168,-2.92,-65.24,26.9,6.00,-71.1,76.0,-69.3
1468451620,-2.93,-67.27,25.6,5.98,-68.7,73.3,-69.5
1471825072,-2.97,-70.04,24.3,5.90,-65.5,69.8,-69.6
1475198524,-2.96,-72.67,22.8,5.93,-62.8,66.8,-70.0
1478571976,-2.96,-75.37,21.5,5.93,-60.0,63.8,-70.3
1481945428,-2.86,-78.15,19.7,6.13,-57.6,60.9,-71.1
1485318880,-2.86,-81.09,18.6,6.12,-54.9,58.0,-71.2
1488692332,-2.79,-83.98,17.2,6.28,-52.5,55.3,-71.8
1492065784,-2.56,-86.76,15.2,6.82,-50.6,52.8,-73.3
1495439236,-2.46,-88.71,14.1,7.10,-49.1,51.1,-74.0
1498812688,-2.29,-90.95,12.7,7.63,-47.5,49.2,-75.1
1502186140,-2.15,-92.93,11.6,8.12,-46.2,47.6,-75.9
1505559592,-2.04,-94.50,10.7,8.54,-45.1,46.3,-76.6
1508933044,-1.99,-96.12,10.2,8.77,-43.9,45.0,-76.9
1512306496,-1.91,-97.43,9.6,9.11,-43.0,44.0,-77.4
1515679948,-1.93,-98.24,9.6,9.04,-42.4,43.4,-77.2
1519053400,-1.91,-100.31,9.2,9.14,-40.9,41.9,-77.3
1522426852,-1.94,-101.97,9.1,8.98,-39.7,40.7,-77.0
1525800304,-1.96,-99.05,9.6,8.89,-41.7,42.8,-77.0
1529173756,-2.07,-107.35,9.1,8.42,-36.0,37.1,-75.8
1532547208,-2.21,-107.61,9.6,7.89,-35.7,37.0,-74.9
1535920660,-2.31,-110.16,9.7,7.56,-34.0,35.4,-74.0
1539294112,-2.37,-112.86,9.7,7.37,-32.3,33.7,-73.3
1542667564,-2.46,-115.38,9.8,7.11,-30.7,32.3,-72.4
1546041016,-2.59,-117.74,10.0,6.76,-29.3,31.0,-71.1
1549414468,-2.70,-120.88,10.1,6.50,-27.5,29.3,-69.8
1552787920,-2.68,-124.18,9.7,6.54,-25.7,27.5,-69.3
1556161372,-2.68,-127.14,9.5,6.53,-24.1,25.9,-68.5
1559534824,-2.63,-130.48,9.1,6.66,-22.4,24.2,-68.0
1562908276,-2.66,-133.54,9.0,6.57,-20.9,22.7,-66.7
1566281728,-2.53,-136.56,8.3,6.92,-19.4,21.2,-66.8
1569655180,-2.59,-139.63,8.4,6.75,-17.9,19.8,-65.0
1573028632,-2.44,-142.00,7.8,7.15,-16.8,18.6,-65.1
1576402084,-2.41,-144.93,7.6,7.24,-15.5,17.2,-63.9
1579775536,-2.26,-147.37,7.0,7.73,-14.4,16.0,-64.0
1583148988,-2.22,-149.46,6.8,7.86,-13.4,15.1,-63.0
1586522440,-2.21,-151.95,6.7,7.91,-12.3,14.0,-61.3
1589895892,-2.14,-153.96,6.5,8.14,-11.4,13.1,-60.4
1593269344,-2.08,-156.75,6.2,8.39,-10.1,11.9,-58.5
1596642796,-2.18,-158.68,6.5,8.02,-9.3,11.3,-55.1
1600016248,-2.09,-161.18,6.1,8.36,-8.2,10.2,-53.0
1603389700,-2.08,-163.54,6.1,8.40,-7.1,9.4,-49.6
1606763152,-2.12,-165.36,6.2,8.25,-6.3,8.8,-45.8
1610136604,-2.13,-167.79,6.2,8.21,-5.3,8.1,-40.5
1613510056,-2.20,-170.02,6.3,7.95,-4.3,7.7,-34.1
1616883508,-2.33,-172.24,6.7,7.51,-3.3,7.5,-26.5
1620256960,-2.34,-175.26,6.7,7.48,-2.0,7.0,-16.9
1623630412,-2.50,-177.62,7.2,6.99,-1.0,7.2,-8.1
1627003864,-2.40,179.78,6.9,7.27,0.1,6.9,0.8
1630377316,-2.50,176.66,7.2,6.99,1.4,7.3,11.3
1633750768,-2.60,173.57,7.4,6.74,2.7,7.9,20.2
1637124220,-2.68,170.33,7.7,6.53,4.1,8.7,28.2
1640497672,-2.74,167.08,7.9,6.40,5.5,9.6,34.9
1643871124,-2.77,163.86,8.1,6.33,6.9,10.6,40.6
1647244576,-2.82,160.46,8.3,6.22,8.4,11.8,45.4
1650618028,-2.90,157.56,8.6,6.05,9.6,12.9,48.3
1653991480,-3.12,154.25,9.3,5.63,11.0,14.5,49.8
1657364932,-3.19,151.74,9.6,5.51,12.1,15.5,51.6
1660738384,-3.29,148.37,10.1,5.35,13.6,17.0,53.5
1664111836,-3.60,145.76,11.1,4.90,14.7,18.4,52.9
1667485288,-3.99,143.07,12.5,4.44,15.8,20.1,51.7
1670858740,-4.48,140.51,14.1,3.96,16.7,21.9,49.7
1674232192,-5.07,138.00,16.1,3.53,17.4,23.7,47.3
1677605644,-6.13,136.13,19.3,2.95,17.5,26.1,42.2
1680979096,-7.10,136.04,22.0,2.58,16.7,27.6,37.3
1684352548,-8.46,138.77,25.1,2.21,14.5,29.0,30.1
1687726000,-9.63,144.90,27.0,1.99,11.5,29.4,23.1
1691099452,-10.20,154.96,27.3,1.89,7.9,28.4,16.1
1694472904,-9.84,164.93,26.0,1.95,4.9,26.4,10.6
1697846356,-8.79,170.25,23.5,2.14,3.3,23.7,8.1
1701219808,-7.55,173.67,20.5,2.44,2.3,20.6,6.4
1704593260,-6.46,172.19,17.9,2.81,3.0,18.1,9.5
1707966712,-5.69,169.81,15.9,3.16,4.0,16.4,14.1
1711340164,-5.14,167.29,14.5,3.48,5.1,15.4,19.4
1714713616,-4.66,164.71,13.3,3.82,6.2,14.7,25.1
1718087068,-4.42,161.32,12.8,4.01,7.7,14.9,31.1
1721460520,-4.31,157.79,12.6,4.12,9.2,15.6,36.2
1724833972,-4.16,154.45,12.3,4.26,10.7,16.3,41.0
1728207424,-4.11,150.82,12.3,4.31,12.3,17.4,44.8
1731580876,-4.04,147.64,12.3,4.38,13.7,18.4,48.0
1734954328,-3.93,143.80,12.2,4.50,15.5,19.7,51.6
1738327780,-3.95,140.68,12.5,4.47,16.9,21.0,53.4
1741701232,-3.88,137.57,12.5,4.56,18.3,22.2,55.7
1745074684,-3.88,134.38,12.8,4.55,19.8,23.6,57.1
1748448136,-3.67,132.43,12.3,4.80,20.9,24.3,59.4
1751821588,-3.72,130.27,12.7,4.74,21.9,25.3,59.9
1755195040,-3.75,128.53,13.0,4.70,22.8,26.2,60.3
1758568492,-3.73,126.82,13.1,4.73,23.6,27.0,61.0
1761941944,-3.87,126.25,13.6,4.56,23.8,27.4,60.3
1765315396,-4.00,124.92,14.2,4.42,24.4,28.2,59.8
1768688848,-4.09,124.40,14.6,4.33,24.6,28.6,59.4
1772062300,-4.37,123.89,15.6,4.06,24.6,29.1,57.7
1775435752,-4.59,123.53,16.3,3.87,24.6,29.5,56.4
1778809204,-4.99,123.98,17.5,3.58,24.0,29.7,53.8
1782182656,-5.23,123.92,18.3,3.42,23.8,30.0,52.4
1785556108,-5.57,123.86,19.4,3.22,23.5,30.4,50.4
1788929560,-5.88,124.14,20.3,3.06,23.0,30.7,48.6
1792303012,-6.22,125.67,21.1,2.91,21.9,30.4,46.2
1795676464,-6.36,127.11,21.2,2.85,21.2,30.0,45.0
1799049916,-6.37,127.58,21.2,2.85,21.0,29.8,44.7
1802423368,-6.33,128.79,20.9,2.86,20.5,29.2,44.4
1805796820,-6.22,127.82,20.7,2.91,21.0,29.5,45.4
1809170272,-6.10,126.68,20.5,2.96,21.6,29.8,46.5
1812543724,-6.01,125.07,20.5,3.01,22.4,30.4,47.6
1815917176,-6.06,124.15,20.8,2.98,22.8,30.9,47.6
1819290628,-5.95,122.43,20.8,3.03,23.7,31.5,48.7
1822664080,-5.87,120.73,20.8,3.07,24.6,32.2,49.7
1826037532,-5.84,119.68,20.9,3.08,25.1,32.7,50.2
1829410984,-5.72,117.56,20.9,3.15,26.3,33.6,51.4
1832784436,-5.60,116.29,20.8,3.21,27.0,34.1,52.4
1836157888,-5.35,114.57,20.3,3.35,28.2,34.8,54.2
1839531340,-5.24,114.20,20.0,3.42,28.5,34.9,54.9
1842904792,-4.93,112.72,19.3,3.62,29.7,35.4,57.0
1846278244,-4.66,111.57,18.6,3.82,30.7,35.9,58.8
1849651696,-4.22,111.74,17.0,4.19,31.1,35.5,61.4
1853025148,-4.10,110.54,16.7,4.31,32.0,36.1,62.4
1856398600,-3.87,111.08,15.8,4.56,31.9,35.6,63.7
1859772052,-3.51,110.42,14.5,5.01,32.7,35.8,66.1
1863145504,-3.37,110.89,13.9,5.22,32.6,35.4,66.9
1866518956,-3.13,110.13,13.0,5.62,33.3,35.8,68.6
1869892408,-3.11,110.24,13.0,5.64,33.3,35.7,68.7
1873265860,-2.99,110.36,12.5,5.86,33.3,35.6,69.4
1876639312,-2.92,109.58,12.3,6.01,33.8,36.0,70.0
1880012764,-2.89,110.34,12.1,6.07,33.4,35.5,70.2
1883386216,-2.80,110.32,11.7,6.26,33.5,35.5,70.7
1886759668,-2.78,109.53,11.7,6.31,34.0,36.0,71.0
1890133120,-2.85,109.76,12.0,6.14,33.8,35.9,70.4
1893506572,-3.01,108.16,12.9,5.82,34.6,36.9,69.6
1896880024,-2.97,106.77,12.9,5.90,35.5,37.8,70.0
1900253476,-3.21,106.95,13.9,5.48,35.2,37.8,68.5
1903626928,-3.27,104.85,14.5,5.37,36.4,39.2,68.3
1907000380,-3.45,103.30,15.6,5.10,37.1,40.3,67.3
1910373832,-3.34,102.19,15.3,5.26,38.0,41.0,68.0
1913747284,-3.42,99.97,16.1,5.14,39.3,42.5,67.7
1917120736,-3.55,97.94,17.2,4.96,40.5,44.0,67.0
1920494188,-3.52,95.54,17.6,5.01,42.2,45.7,67.3
1923867640,-3.56,92.81,18.6,4.95,44.0,47.8,67.1
1927241092,-3.59,91.37,19.1,4.91,45.0,48.9,67.0
1930614544,-3.35,88.54,18.8,5.25,47.6,51.2,68.4
1933987996,-3.42,86.49,19.9,5.15,49.1,52.9,68.0
1937361448,-3.21,84.28,19.5,5.47,51.3,54.9,69.2
1940734900,-3.04,82.16,19.3,5.77,53.5,56.9,70.2
1944108352,-2.79,79.98,18.6,6.28,56.1,59.1,71.7
1947481804,-2.70,78.47,18.6,6.48,57.7,60.6,72.1
1950855256,-2.45,77.22,17.4,7.14,59.6,62.1,73.7
1954228708,-2.30,75.53,17.0,7.60,61.7,64.0,74.5
1957602160,-1.96,75.36,14.7,8.89,62.6,64.3,76.7
1960975612,-1.81,74.57,13.9,9.61,63.8,65.3,77.7
1964349064,-1.75,73.89,13.6,9.98,64.7,66.1,78.1
1967722516,-1.53,73.50,12.1,11.41,65.5,66.6,79.6
1971095968,-1.27,73.55,10.1,13.65,65.9,66.7,81.3
1974469420,-1.27,72.97,10.2,13.75,66.6,67.4,81.3
1977842872,-1.18,72.26,9.7,14.76,67.6,68.3,81.9
1981216324,-1.13,73.00,9.1,15.42,66.8,67.4,82.2
1984589776,-1.12,72.68,9.1,15.58,67.2,67.8,82.3
1987963228,-1.26,72.87,10.2,13.81,66.7,67.5,81.3
1991336680,-1.19,72.84,9.6,14.60,66.9,67.6,81.8
1994710132,-1.36,73.25,10.9,12.81,66.1,67.0,80.7
1998083584,-1.43,72.01,11.7,12.17,67.5,68.5,80.1
2001457036,-1.57,71.03,13.1,11.10,68.4,69.7,79.1
2004830488,-1.75,69.98,14.9,9.98,69.3,70.9,77.8
2008203940,-1.89,68.56,16.7,9.23,70.7,72.6,76.7
2011577392,-1.91,67.80,17.2,9.12,71.6,73.6,76.5
2014950844,-2.07,65.86,19.4,8.42,73.6,76.2,75.2
2018324296,-2.09,63.55,20.8,8.35,76.7,79.5,74.8
2021697748,-2.13,62.37,21.9,8.18,78.2,81.2,74.4
2025071200,-2.16,60.19,23.5,8.08,81.3,84.6,73.8
2028444652,-2.11,58.56,24.2,8.26,83.9,87.4,73.9
2031818104,-2.03,56.50,24.8,8.61,87.7,91.1,74.2
2035191556,-1.99,54.53,26.0,8.75,91.3,94.9,74.1
2038565008,-1.81,52.61,25.3,9.63,95.8,99.1,75.2
2041938460,-1.63,52.12,23.4,10.67,97.8,100.5,76.5
2045311912,-1.49,50.56,22.8,11.66,101.7,104.3,77.4
2048685364,-1.40,49.60,22.2,12.41,104.3,106.7,78.0
2052058816,-1.33,48.11,22.3,13.10,108.2,110.5,78.3
2055432268,-1.24,48.13,20.8,14.07,108.6,110.6,79.1
2058805720,-1.09,46.88,19.3,15.99,112.5,114.2,80.2
2062179172,-0.99,46.71,17.8,17.58,113.5,114.8,81.1
2065552624,-0.93,46.22,17.1,18.73,115.0,116.3,81.6
2068926076,-0.95,45.70,17.8,18.29,116.3,117.7,81.3
2072299528,-0.90,45.91,16.7,19.35,116.0,117.2,81.8
2075672980,-0.92,45.91,17.2,18.86,115.9,117.2,81.6
2079046432,-0.93,45.10,17.9,18.68,118.1,119.5,81.4
2082419884,-0.93,44.55,18.2,18.78,119.7,121.1,81.3
2085793336,-1.07,44.06,21.4,16.24,120.3,122.2,79.9
2089166788,-1.15,43.67,23.3,15.07,120.9,123.2,79.1
2092540240,-1.22,42.75,25.6,14.24,123.2,125.8,78.3
2095913692,-1.31,41.71,28.5,13.34,125.6,128.8,77.2
2099287144,-1.42,41.01,31.7,12.27,126.8,130.7,76.0
2102660596,-1.49,39.27,35.8,11.68,131.5,136.3,74.8
2106034048,-1.67,37.42,43.1,10.43,135.4,142.1,72.3
2109407500,-1.67,36.12,45.8,10.46,139.9,147.2,71.9
2112780952,-1.70,34.76,49.7,10.27,144.3,152.6,71.0
2116154404,-1.66,33.29,52.8,10.48,150.4,159.4,70.7
2119527856,-1.78,31.32,61.7,9.82,155.9,167.7,68.4
2122901308,-1.74,29.99,65.4,10.03,162.3,175.0,68.1
2126274760,-1.74,28.49,71.3,10.04,169.0,183.4,67.1
2129648212,-1.74,26.37,81.2,10.02,178.9,196.4,65.6
2133021664,-1.69,25.59,83.4,10.34,184.6,202.6,65.7
2136395116,-1.56,24.33,86.1,11.15,196.1,214.2,66.3
2139768568,-1.58,22.94,95.5,11.04,203.8,225.0,64.9
2143142020,-1.50,21.95,99.2,11.62,213.8,235.7,65.1
2146515472,-1.43,20.88,104.3,12.19,224.9,247.9,65.1
2149888924,-1.34,19.64,110.4,12.99,239.7,263.9,65.3
2153262376,-1.43,18.93,122.4,12.14,239.5,268.9,62.9
2156635828,-1.33,18.22,124.4,13.05,252.4,281.4,63.8
2160009280,-1.30,16.71,140.6,13.38,268.9,303.5,62.4
2163382732,-1.26,15.63,153.0,13.84,283.7,322.3,61.7
2166756184,-1.34,14.92,169.9,12.97,281.9,329.1,58.9
2170129636,-1.34,14.63,174.6,12.99,284.7,334.0,58.5
2173503088,-1.30,13.17,199.8,13.43,304.2,363.9,56.7
2176876540,-1.26,11.61,234.8,13.82,324.7,400.7,54.1
2180249992,-1.38,11.10,254.3,12.62,307.1,398.8,50.4
2183623444,-1.30,9.85,289.4,13.35,328.5,437.8,48.6
2186996896,-1.42,8.96,320.8,12.25,303.9,441.9,43.4
2190370348,-1.42,7.60,370.5,12.28,298.6,475.8,38.9
2193743800,-1.45,6.31,418.3,11.97,273.2,499.6,33.1
2197117252,-1.53,4.48,476.0,11.40,210.3,520.4,23.8
2200490704,-1.59,3.33,498.7,10.98,157.8,523.1,17.6
2203864156,-1.48,2.81,544.8,11.80,156.7,566.9,16.0
2207237608,-1.53,0.61,566.0,11.36,34.1,567.1,3.4
2210611060,-1.57,-0.85,551.0,11.09,-45.1,552.8,-4.7
2213984512,-1.47,-2.95,543.5,11.88,-164.9,568.0,-16.9
2217357964,-1.48,-3.27,528.1,11.74,-175.3,556.4,-18.4
2220731416,-1.58,-5.25,439.0,10.99,-219.2,490.7,-26.5
2224104868,-1.51,-6.34,411.1,11.55,-260.0,486.4,-32.3
2227478320,-1.51,-7.74,360.3,11.55,-278.2,455.1,-37.7
2230851772,-1.55,-8.57,330.5,11.23,-274.5,429.6,-39.7
2234225224,-1.56,-10.01,287.7,11.17,-276.9,399.3,-43.9
2237598676,-1.48,-11.46,248.2,11.79,-288.6,380.7,-49.3
2240972128,-1.50,-12.72,219.8,11.60,-278.5,354.8,-51.7
2244345580,-1.56,-13.60,204.3,11.14,-265.4,335.0,-52.4
2247719032,-1.70,-15.38,178.9,10.27,-241.4,300.4,-53.5
2251092484,-1.69,-16.10,168.1,10.32,-238.4,291.7,-54.8
2254465936,-1.86,-17.30,158.1,9.37,-217.7,269.0,-54.0
2257839388,-1.73,-19.56,129.3,10.06,-215.5,251.3,-59.0
2261212840,-1.91,-20.64,125.3,9.13,-199.2,235.3,-57.8
2264586292,-2.02,-22.34,114.7,8.64,-186.0,218.5,-58.3
2267959744,-2.07,-24.08,104.0,8.44,-176.6,205.0,-59.5
2271333196,-2.19,-25.99,95.8,7.97,-164.6,190.4,-59.8
2274706648,-2.27,-27.48,89.7,7.71,-156.9,180.7,-60.2
2278080100,-2.25,-29.70,79.4,7.75,-149.9,169.7,-62.1
2281453552,-2.28,-31.93,71.4,7.66,-142.2,159.1,-63.3
2284827004,-2.31,-34.47,63.8,7.55,-133.9,148.4,-64.5
2288200456,-2.35,-36.25,59.5,7.42,-128.3,141.4,-65.1
2291573908,-2.39,-39.28,52.8,7.32,-119.9,131.0,-66.2
2294947360,-2.21,-40.38,47.5,7.91,-119.7,128.7,-68.4
2298320812,-2.43,-42.97,46.0,7.21,-110.8,120.0,-67.5
2301694264,-2.19,-44.05,40.7,7.98,-111.0,118.2,-69.9
2305067716,-2.09,-46.78,35.3,8.36,-105.8,111.6,-71.6
2308441168,-2.08,-48.80,32.7,8.37,-101.6,106.7,-72.1
2311814620,-1.92,-49.15,30.0,9.10,-102.1,106.4,-73.6
2315188072,-1.98,-51.33,28.7,8.79,-97.3,101.4,-73.6
2318561524,-2.09,-51.80,29.6,8.36,-95.7,100.1,-72.8
2321934976,-2.01,-52.56,27.9,8.66,-94.7,98.8,-73.6
2325308428,-2.13,-54.60,27.5,8.18,-90.4,94.5,-73.1
2328681880,-2.09,-55.72,26.0,8.37,-88.7,92.4,-73.6
2332055332,-2.27,-57.71,26.4,7.70,-84.5,88.5,-72.6
2335428784,-2.27,-59.32,25.3,7.68,-82.0,85.8,-72.9
2338802236,-2.56,-58.78,28.4,6.84,-81.4,86.2,-70.7
2342175688,-2.96,-61.02,30.3,5.93,-76.2,82.0,-68.3
2345549140,-3.04,-62.51,29.8,5.77,-73.9,79.6,-68.1
2348922592,-3.26,-65.27,29.4,5.39,-69.5,75.5,-67.1
2352296044,-3.68,-66.66,31.4,4.79,-66.1,73.2,-64.6
2355669496,-3.98,-69.04,31.7,4.44,-62.3,69.9,-63.1
2359042948,-4.39,-72.75,31.6,4.04,-57.3,65.4,-61.1
2362416400,-4.59,-75.47,31.0,3.88,-54.3,62.5,-60.3
2365789852,-4.78,-78.72,30.2,3.72,-51.1,59.3,-59.4
2369163304,-5.22,-81.78,30.6,3.43,-47.4,56.4,-57.2
2372536756,-5.21,-86.37,28.3,3.44,-44.5,52.7,-57.5
2375910208,-5.48,-90.13,27.9,3.27,-41.4,49.9,-56.0
2379283660,-5.57,-94.33,26.6,3.22,-38.7,47.0,-55.5
2382657112,-5.72,-97.53,26.1,3.15,-36.6,44.9,-54.5
2386030564,-5.74,-101.65,24.8,3.14,-34.3,42.3,-54.1
2389404016,-5.80,-105.78,23.9,3.11,-32.0,39.9,-53.3
2392777468,-5.93,-108.56,23.6,3.04,-30.4,38.5,-52.1
2396150920,-6.08,-111.10,23.5,2.97,-28.9,37.2,-50.9
2399524372,-5.94,-114.69,22.2,3.04,-27.4,35.3,-50.9
2402897824,-6.27,-116.01,23.0,2.89,-26.3,34.9,-48.8
2406271276,-6.34,-118.62,22.7,2.86,-25.0,33.7,-47.8
2409644728,-6.49,-120.55,22.7,2.80,-23.9,33.0,-46.5
2413018180,-6.71,-122.45,23.0,2.71,-22.8,32.4,-44.7
2416391632,-6.95,-125.03,23.2,2.63,-21.4,31.6,-42.7
2419765084,-7.27,-125.29,24.1,2.53,-20.9,31.9,-41.0
2423138536,-7.76,-128.03,24.9,2.38,-19.3,31.5,-37.7
2426511988,-7.76,-131.56,24.3,2.38,-17.9,30.2,-36.3
2429885440,-8.22,-133.72,25.2,2.27,-16.6,30.2,-33.5
2433258892,-8.93,-138.05,26.3,2.11,-14.4,30.0,-28.7
2436632344,-8.89,-141.00,25.8,2.12,-13.4,29.1,-27.4
2440005796,-9.18,-146.01,25.9,2.07,-11.5,28.3,-23.9
2443379248,-9.49,-151.09,26.1,2.01,-9.5,27.8,-20.1
2446752700,-9.78,-154.49,26.5,1.96,-8.3,27.7,-17.3
2450126152,-9.79,-157.76,26.2,1.96,-7.2,27.2,-15.3
2453499604,-10.00,-162.10,26.4,1.92,-5.7,27.1,-12.2
2456873056,-10.12,-166.77,26.5,1.91,-4.2,26.8,-9.0
2460246508,-9.77,-171.82,25.6,1.96,-2.6,25.7,-5.9
2463619960,-9.75,-176.58,25.5,1.97,-1.1,25.5,-2.5
2466993412,-9.72,178.53,25.4,1.97,0.5,25.4,1.1
2470366864,-9.69,174.11,25.4,1.98,1.9,25.4,4.3
2473740316,-9.46,172.18,24.9,2.02,2.6,25.0,5.9
2477113768,-9.40,166.24,25.0,2.02,4.5,25.4,10.3
2480487220,-9.56,162.82,25.5,2.00,5.6,26.1,12.5
2483860672,-9.65,159.11,25.9,1.98,6.8,26.8,14.7
2487234124,-9.50,152.28,26.0,2.01,9.1,27.6,19.3
2490607576,-9.46,147.73,26.4,2.01,10.7,28.4,22.1
2493981028,-9.51,142.67,27.0,2.01,12.3,29.7,24.6
2497354480,-9.29,136.56,27.3,2.04,14.6,31.0,28.1
2500727932,-9.25,131.61,27.9,2.05,16.3,32.4,30.3
2504101384,-8.86,124.66,28.2,2.13,19.3,34.2,34.3
2507474836,-8.66,120.45,28.6,2.17,21.1,35.5,36.4
2510848288,-8.27,118.23,28.1,2.26,22.5,36.0,38.6
2514221740,-8.02,113.20,28.6,2.32,24.8,37.9,40.9
2517595192,-7.48,110.00,28.0,2.46,27.1,38.9,44.0
2520968644,-7.28,107.39,28.1,2.52,28.5,40.1,45.4
2524342096,-6.95,104.08,28.1,2.63,30.7,41.6,47.5
2527715548,-6.61,103.91,27.1,2.76,31.4,41.5,49.3
2531089000,-6.30,101.88,26.7,2.88,33.0,42.5,51.1
2534462452,-6.28,98.65,27.7,2.88,34.7,44.4,51.4
2537835904,-5.83,96.89,26.7,3.09,36.7,45.4,53.9
2541209356,-5.99,94.88,28.0,3.01,37.4,46.7,53.2
2544582808,-5.91,93.25,28.3,3.05,38.5,47.8,53.7
2547956260,-5.92,89.01,30.1,3.05,40.8,50.7,53.6
2551329712,-5.85,89.00,29.8,3.08,41.0,50.7,54.0
2554703164,-6.09,83.86,33.1,2.97,43.3,54.5,52.6
2558076616,-6.27,80.82,35.3,2.89,44.4,56.7,51.5
2561450068,-6.16,78.76,36.1,2.94,45.9,58.4,51.9
2564823520,-6.43,75.46,39.1,2.83,46.7,60.9,50.1
2568196972,-6.28,72.83,40.3,2.89,48.9,63.3,50.5
2571570424,-6.22,68.61,43.1,2.91,51.6,67.2,50.1
2574943876,-6.28,65.38,46.0,2.88,53.1,70.2,49.1
2578317328,-6.02,61.41,48.6,3.00,56.9,74.8,49.5
2581690780,-5.98,58.50,51.4,3.02,58.9,78.2,48.9
2585064232,-5.68,55.30,53.8,3.16,63.0,82.8,49.5
2588437684,-5.40,51.60,57.3,3.32,67.7,88.7,49.8
2591811136,-5.17,50.58,57.6,3.46,70.6,91.1,50.8
2595184588,-4.79,48.35,59.0,3.72,76.0,96.2,52.2
2598558040,-4.71,45.66,63.0,3.78,79.1,101.2,51.5
2601931492,-4.42,43.54,65.2,4.02,84.5,106.8,52.4
2605304944,-4.14,40.84,68.9,4.27,91.0,114.1,52.9
2608678396,-4.02,38.60,73.2,4.39,95.2,120.1,52.4
2612051848,-3.86,36.62,77.1,4.58,100.2,126.4,52.5
2615425300,-3.58,35.51,77.9,4.92,106.8,132.2,53.9
2618798752,-3.59,34.47,81.1,4.90,107.9,135.0,53.1
2622172204,-3.37,33.36,82.6,5.22,114.0,140.8,54.1
2625545656,-3.19,32.30,84.2,5.51,120.0,146.6,54.9
2628919108,-3.23,29.32,96.0,5.45,123.7,156.6,52.2
2632292560,-3.22,28.38,99.9,5.46,125.4,160.3,51.4
2635666012,-3.19,27.25,104.8,5.51,127.8,165.3,50.7
2639039464,-3.07,25.56,112.0,5.72,134.1,174.8,50.1
2642412916,-3.17,23.94,121.7,5.53,132.1,179.6,47.4
2645786368,-3.17,22.02,133.0,5.54,133.6,188.5,45.1
2649159820,-3.13,20.11,145.4,5.62,136.0,199.1,43.1
2652533272,-3.08,18.20,159.4,5.71,137.8,210.7,40.8
2655906724,-3.11,15.50,180.7,5.64,131.9,223.7,36.1
2659280176,-3.13,12.96,202.2,5.62,123.3,236.8,31.4
2662653628,-3.00,10.71,227.0,5.86,119.9,256.8,27.8
2666027080,-2.86,9.44,245.8,6.14,120.4,273.7,26.1
2669400532,-2.85,7.25,268.0,6.15,101.3,286.5,20.7
2672773984,-2.78,5.93,285.8,6.31,90.8,299.9,17.6
2676147436,-2.64,3.62,317.8,6.63,65.0,324.4,11.6
2679520888,-2.58,2.16,333.4,6.77,41.7,336.0,7.1
2682894340,-2.46,-0.33,355.9,7.12,-7.1,355.9,-1.1
2686267792,-2.52,-1.34,344.3,6.93,-27.4,345.4,-4.5
2689641244,-2.49,-2.98,340.7,7.04,-61.1,346.1,-10.2
2693014696,-2.44,-4.98,326.8,7.16,-99.5,341.7,-16.9
2696388148,-2.34,-7.05,309.6,7.48,-139.6,339.6,-24.3
2699761600,-2.40,-9.02,275.2,7.27,-154.0,315.4,-29.2
2703135052,-2.40,-9.82,263.8,7.29,-161.0,309.0,-31.4
2706508504,-2.40,-12.26,228.5,7.29,-173.6,287.0,-37.2
2709881956,-2.39,-13.56,211.2,7.32,-177.9,276.1,-40.1
2713255408,-2.48,-15.66,185.2,7.05,-172.7,253.2,-43.0
2716628860,-2.32,-18.34,155.9,7.54,-181.6,239.3,-49.4
2720002312,-2.35,-20.70,135.1,7.42,-174.1,220.4,-52.2
2723375764,-2.10,-22.84,113.2,8.32,-180.1,212.7,-57.8
2726749216,-2.17,-25.81,96.2,8.05,-166.1,191.9,-59.9
2730122668,-2.00,-25.84,91.8,8.71,-172.0,195.0,-61.9
2733496120,-1.89,-28.57,75.4,9.22,-164.3,180.8,-65.4
2736869572,-1.80,-29.97,67.1,9.71,-161.0,174.4,-67.4
2740243024,-1.74,-32.62,56.6,10.04,-151.6,161.8,-69.5
2743616476,-1.58,-33.66,49.6,11.02,-150.4,158.4,-71.7
2746989928,-1.58,-34.01,48.6,11.05,-149.1,156.8,-71.9
2750363380,-1.56,-34.86,46.2,11.16,-146.1,153.2,-72.5
2753736832,-1.58,-36.88,42.2,11.03,-138.5,144.8,-73.1
2757110284,-1.40,-36.78,38.1,12.46,-141.2,146.2,-74.9
2760483736,-1.34,-38.35,34.0,13.00,-136.3,140.4,-76.0
2763857188,-1.46,-39.47,34.8,11.96,-131.3,135.8,-75.2
2767230640,-1.56,-40.47,35.4,11.15,-127.0,131.9,-74.4
2770604092,-1.83,-42.41,37.3,9.54,-118.8,124.5,-72.5
2773977544,-1.72,-42.27,35.6,10.15,-120.3,125.4,-73.5
2777350996,-1.82,-44.23,34.6,9.57,-114.2,119.3,-73.1
2780724448,-2.16,-45.32,38.4,8.07,-108.4,115.0,-70.5
2784097900,-2.14,-47.90,34.5,8.17,-103.1,108.7,-71.5
2787471352,-2.43,-49.77,36.0,7.21,-97.0,103.5,-69.7
2790844804,-2.58,-52.71,34.4,6.78,-90.7,97.0,-69.2
2794218256,-2.63,-54.93,32.6,6.64,-86.7,92.7,-69.4
2797591708,-2.73,-57.66,31.0,6.42,-82.1,87.7,-69.3
2800965160,-2.85,-60.69,29.6,6.15,-77.2,82.7,-69.0
2804338612,-2.89,-62.62,28.4,6.07,-74.5,79.7,-69.1
2807712064,-2.96,-66.22,26.5,5.93,-69.8,74.7,-69.2
2811085516,-2.71,-68.81,23.1,6.46,-67.8,71.6,-71.2
2814458968,-2.73,-71.58,21.8,6.41,-64.6,68.2,-71.4
2817832420,-2.78,-74.93,20.6,6.30,-61.0,64.4,-71.4
2821205872,-2.58,-76.39,18.6,6.79,-60.1,62.9,-72.8
2824579324,-2.47,-79.82,16.7,7.09,-57.0,59.4,-73.7
2827952776,-2.40,-82.94,15.3,7.28,-54.2,56.3,-74.2
2831326228,-2.10,-84.27,13.1,8.30,-53.5,55.1,-76.2
2834699680,-1.87,-86.67,11.2,9.33,-51.7,52.9,-77.7
2838073132,-1.80,-86.64,10.8,9.70,-51.8,53.0,-78.2
2841446584,-1.60,-87.31,9.5,10.91,-51.5,52.4,-79.5
2844820036,-1.54,-89.11,8.9,11.31,-50.0,50.8,-79.9
2848193488,-1.47,-89.40,8.5,11.83,-49.8,50.5,-80.3
2851566940,-1.30,-90.09,7.4,13.42,-49.4,49.9,-81.5
2854940392,-1.57,-92.22,8.6,11.11,-47.4,48.1,-79.7
2858313844,-1.72,-92.67,9.4,10.13,-46.8,47.8,-78.7
2861687296,-1.74,-93.14,9.4,10.04,-46.4,47.4,-78.6
2865060748,-2.00,-93.06,10.8,8.72,-46.2,47.5,-76.9
2868434200,-2.32,-96.36,11.8,7.53,-43.3,44.9,-74.8
2871807652,-2.11,-97.49,10.6,8.26,-42.7,44.0,-76.1
2875181104,-2.46,-99.45,11.9,7.10,-40.9,42.6,-73.8
2878554556,-2.77,-100.14,13.2,6.32,-40.1,42.2,-71.7
2881928008,-2.90,-103.24,13.3,6.04,-37.9,40.1,-70.7
2885301460,-2.97,-107.69,12.8,5.92,-35.0,37.2,-69.9
2888674912,-3.09,-110.74,12.8,5.68,-33.0,35.4,-68.8
2892048364,-3.43,-113.21,13.8,5.13,-31.2,34.1,-66.2
2895421816,-3.62,-116.59,14.0,4.86,-29.1,32.3,-64.3
2898795268,-3.34,-120.53,12.4,5.27,-27.2,29.9,-65.4
2902168720,-3.34,-123.25,12.1,5.27,-25.8,28.5,-64.8
2905542172,-3.28,-126.71,11.6,5.36,-24.0,26.6,-64.2
2908915624,-3.07,-129.38,10.6,5.71,-22.8,25.1,-64.9
2912289076,-2.93,-130.72,10.0,5.99,-22.2,24.3,-65.6
2915662528,-2.78,-135.36,9.2,6.30,-19.9,22.0,-65.1
2919035980,-2.55,-134.33,8.6,6.86,-20.5,22.2,-67.4
2922409432,-2.78,-136.57,9.1,6.31,-19.3,21.4,-64.7
2925782884,-2.67,-138.68,8.7,6.55,-18.4,20.3,-64.6
2929156336,-2.90,-139.29,9.4,6.05,-18.0,20.3,-62.5
2932529788,-2.94,-141.33,9.4,5.96,-17.0,19.4,-61.1
2935903240,-3.09,-143.04,9.7,5.68,-16.1,18.9,-58.9
2939276692,-3.24,-144.55,10.1,5.43,-15.4,18.4,-56.7
2942650144,-3.54,-147.51,10.9,4.97,-13.9,17.7,-52.0
2946023596,-3.90,-150.21,11.8,4.53,-12.6,17.3,-46.9
2949397048,-3.86,-153.47,11.5,4.58,-11.2,16.0,-44.2
2952770500,-4.18,-155.81,12.3,4.24,-10.1,15.9,-39.4
2956143952,-4.29,-159.00,12.5,4.13,-8.7,15.2,-34.9
2959517404,-4.55,-162.48,13.1,3.90,-7.2,14.9,-28.8
2962890856,-4.57,-166.46,13.0,3.89,-5.5,14.2,-23.0
2966264308,-4.38,-170.28,12.4,4.05,-4.0,13.0,-17.8
2969637760,-4.68,-172.93,13.2,3.81,-2.9,13.5,-12.3
2973011212,-4.55,-177.12,12.8,3.91,-1.2,12.9,-5.2
2976384664,-4.70,-178.03,13.2,3.78,-0.8,13.2,-3.5
2979758116,-4.74,178.32,13.3,3.75,0.7,13.3,2.9
2983131568,-4.94,176.33,13.8,3.61,1.5,13.9,6.1
2986505020,-4.97,172.08,14.0,3.59,3.2,14.4,12.8
2989878472,-5.19,170.41,14.6,3.45,3.8,15.1,14.7
2993251924,-5.32,168.26,15.0,3.37,4.7,15.7,17.3
2996625376,-5.61,163.56,15.9,3.20,6.5,17.2,22.2
2999998828,-5.53,162.39,15.7,3.25,7.0,17.2,24.0
